<?xml version="1.0" encoding="UTF-8"?>
<project-private xmlns="http://www.netbeans.org/ns/project-private/1">
    <editor-bookmarks xmlns="http://www.netbeans.org/ns/editor-bookmarks/2" lastBookmarkId="0"/>
    <open-files xmlns="http://www.netbeans.org/ns/projectui-open-files/2">
        <group>
            <file>file:/C:/Users/mfple/Escritorio/Aula13%20-%20ED-II%20-%202024%20-%20Exercício/Consultorio/src/pckconsultorio/Consultorio.java</file>
            <file>file:/C:/Users/mfple/Escritorio/Aula13%20-%20ED-II%20-%202024%20-%20Exercício/Consultorio/src/pckconsultorio/Paciente.java</file>
        </group>
    </open-files>
</project-private>
