<?xml version="1.0" encoding="UTF-8"?>
<project-private xmlns="http://www.netbeans.org/ns/project-private/1">
    <editor-bookmarks xmlns="http://www.netbeans.org/ns/editor-bookmarks/2" lastBookmarkId="0"/>
    <open-files xmlns="http://www.netbeans.org/ns/projectui-open-files/2">
        <group>
            <file>file:/G:/Meu%20Drive/Aulas20242/ED-II/Aula06%20-%20ED%20II%20-%20Árvores%20AVL%20implementação%20parte%202/AVL_Automoveis_Base/src/pckavlautomoveis/Automovel.java</file>
            <file>file:/G:/Meu%20Drive/Aulas20242/ED-II/Aula06%20-%20ED%20II%20-%20Árvores%20AVL%20implementação%20parte%202/AVL_Automoveis_Base/src/pckavlautomoveis/AVL.java</file>
            <file>file:/G:/Meu%20Drive/Aulas20242/ED-II/Aula06%20-%20ED%20II%20-%20Árvores%20AVL%20implementação%20parte%202/AVL_Automoveis_Base/src/pckavlautomoveis/NoAVL.java</file>
            <file>file:/G:/Meu%20Drive/Aulas20242/ED-II/Aula06%20-%20ED%20II%20-%20Árvores%20AVL%20implementação%20parte%202/AVL_Automoveis_Base/src/pckavlautomoveis/JanelaPrincipal.java</file>
        </group>
    </open-files>
</project-private>
